1um,1um arduino,5um,arduino P1 ratio,time (iso)
9313.0,,974.0,,2015-08-17T11:56:44.547000
5033.0,,428.0,,2015-08-17T11:57:43.252000
3453.0,,297.0,,2015-08-17T11:58:41.966000
3058.0,,313.0,,2015-08-17T11:59:40.675000
2873.0,,235.0,,2015-08-17T12:00:39.407000
3312.0,,288.0,,2015-08-17T12:01:38.126000
4999.0,,268.0,,2015-08-17T12:02:36.870000
4516.0,,272.0,,2015-08-17T12:03:35.611000
3862.0,,233.0,,2015-08-17T12:04:34.356000
3980.0,,262.0,,2015-08-17T12:05:33.098000
3236.0,,274.0,,2015-08-17T12:06:31.846000
3346.0,,246.0,,2015-08-17T12:07:30.600000
3332.0,,377.0,,2015-08-17T12:08:29.354000
4589.0,,536.0,,2015-08-17T12:09:28.098000
4418.0,,444.0,,2015-08-17T12:10:26.855000
4039.0,,453.0,,2015-08-17T12:11:25.611000
5130.0,,683.0,,2015-08-17T12:12:24.368000
4002.0,,405.0,,2015-08-17T12:13:23.124000
3377.0,,286.0,,2015-08-17T12:14:21.885000
2502.0,,171.0,,2015-08-17T12:15:20.647000
2691.0,,170.0,,2015-08-17T12:16:19.409000
2108.0,,124.0,,2015-08-17T12:17:18.179000
1693.0,,109.0,,2015-08-17T12:18:16.945000
1479.0,,104.0,,2015-08-17T12:19:15.707000
1423.0,,85.0,,2015-08-17T12:20:14.463000
1098.0,,67.0,,2015-08-17T12:21:13.234000
1217.0,,87.0,,2015-08-17T12:22:12.006000
983.0,,62.0,,2015-08-17T12:23:10.770000
790.0,,45.0,,2015-08-17T12:24:09.534000
1100.0,,165.0,,2015-08-17T12:25:08.302000
1072.0,,160.0,,2015-08-17T12:26:07.059000
992.0,,159.0,,2015-08-17T12:27:05.827000
962.0,,168.0,,2015-08-17T12:28:04.613000
691.0,,91.0,,2015-08-17T12:29:03.377000
755.0,,100.0,,2015-08-17T12:30:02.144000
545.0,,60.0,,2015-08-17T12:31:00.903000
847.0,,188.0,,2015-08-17T12:31:59.670000
823.0,,176.0,,2015-08-17T12:32:58.439000
595.0,,110.0,,2015-08-17T12:33:57.214000
581.0,,108.0,,2015-08-17T12:34:55.981000
721.0,,162.0,,2015-08-17T12:35:54.757000
637.0,,116.0,,2015-08-17T12:36:53.518000
440.0,,63.0,,2015-08-17T12:37:52.293000
419.0,,57.0,,2015-08-17T12:38:51.060000
387.0,,48.0,,2015-08-17T12:39:49.833000
367.0,,41.0,,2015-08-17T12:40:48.589000
312.0,,30.0,,2015-08-17T12:41:47.367000
325.0,,27.0,,2015-08-17T12:42:46.126000
289.0,,16.0,,2015-08-17T12:43:44.910000
285.0,,22.0,,2015-08-17T12:44:43.667000
276.0,,16.0,,2015-08-17T12:45:42.439000
282.0,,17.0,,2015-08-17T12:46:41.216000
270.0,,14.0,,2015-08-17T12:47:39.981000
268.0,,14.0,,2015-08-17T12:48:38.763000
257.0,,14.0,,2015-08-17T12:49:37.527000
270.0,,14.0,,2015-08-17T12:50:36.301000
244.0,,12.0,,2015-08-17T12:51:35.074000
239.0,,13.0,,2015-08-17T12:52:33.844000
241.0,,11.0,,2015-08-17T12:53:32.613000
242.0,,10.0,,2015-08-17T12:54:31.377000
232.0,,9.0,,2015-08-17T12:55:30.143000
324.0,,38.0,,2015-08-17T12:56:28.910000
414.0,,81.0,,2015-08-17T12:57:27.684000
737.0,,186.0,,2015-08-17T12:58:26.441000
614.0,,128.0,,2015-08-17T12:59:25.219000
463.0,,81.0,,2015-08-17T13:00:23.981000
369.0,,34.0,,2015-08-17T13:01:22.754000
369.0,,32.0,,2015-08-17T13:02:21.530000
334.0,,25.0,,2015-08-17T13:03:20.291000
339.0,,20.0,,2015-08-17T13:04:19.054000
341.0,,25.0,,2015-08-17T13:05:17.825000
330.0,,27.0,,2015-08-17T13:06:16.586000
328.0,,29.0,,2015-08-17T13:07:15.359000
395.0,,50.0,,2015-08-17T13:08:14.127000
375.0,,45.0,,2015-08-17T13:09:12.899000
369.0,,42.0,,2015-08-17T13:10:11.654000
403.0,,50.0,,2015-08-17T13:11:10.431000
375.0,,37.0,,2015-08-17T13:12:09.201000
370.0,,40.0,,2015-08-17T13:13:07.965000
359.0,,35.0,,2015-08-17T13:14:06.733000
338.0,,31.0,,2015-08-17T13:15:05.501000
348.0,,32.0,,2015-08-17T13:16:04.270000
343.0,,30.0,,2015-08-17T13:17:03.041000
318.0,,26.0,,2015-08-17T13:18:01.801000
291.0,,21.0,,2015-08-17T13:19:00.573000
298.0,,21.0,,2015-08-17T13:19:59.347000
297.0,,22.0,,2015-08-17T13:20:58.113000
302.0,,18.0,,2015-08-17T13:21:56.874000
301.0,,17.0,,2015-08-17T13:22:55.643000
316.0,,24.0,,2015-08-17T13:23:54.418000
329.0,,26.0,,2015-08-17T13:24:53.176000
305.0,,21.0,,2015-08-17T13:25:51.944000
278.0,,17.0,,2015-08-17T13:26:50.723000
283.0,,18.0,,2015-08-17T13:27:49.493000
293.0,,19.0,,2015-08-17T13:28:48.252000
344.0,,33.0,,2015-08-17T13:29:47.032000
285.0,,19.0,,2015-08-17T13:30:45.803000
272.0,,16.0,,2015-08-17T13:31:44.569000
276.0,,15.0,,2015-08-17T13:32:43.338000
263.0,,15.0,,2015-08-17T13:33:42.102000
253.0,,12.0,,2015-08-17T13:34:40.878000
264.0,,13.0,,2015-08-17T13:35:39.654000
324.0,,33.0,,2015-08-17T13:36:38.418000
346.0,,50.0,,2015-08-17T13:37:37.192000
292.0,,31.0,,2015-08-17T13:38:35.962000
260.0,,21.0,,2015-08-17T13:39:34.738000
259.0,,17.0,,2015-08-17T13:40:33.515000
240.0,,10.0,,2015-08-17T13:41:32.281000
249.0,,14.0,,2015-08-17T13:42:31.053000
241.0,,11.0,,2015-08-17T13:43:29.820000
244.0,,13.0,,2015-08-17T13:44:28.607000
324.0,,35.0,,2015-08-17T13:45:27.377000
456.0,,80.0,,2015-08-17T13:46:26.156000
307.0,,35.0,,2015-08-17T13:47:24.931000
305.0,,30.0,,2015-08-17T13:48:23.695000
262.0,,21.0,,2015-08-17T13:49:22.475000
254.0,,13.0,,2015-08-17T13:50:21.236000
254.0,,15.0,,2015-08-17T13:51:20.011000
241.0,,15.0,,2015-08-17T13:52:18.799000
243.0,,18.0,,2015-08-17T13:53:17.570000
257.0,,18.0,,2015-08-17T13:54:16.329000
313.0,,38.0,,2015-08-17T13:55:15.113000
292.0,,27.0,,2015-08-17T13:56:13.889000
277.0,,24.0,,2015-08-17T13:57:12.662000
528.0,,116.0,,2015-08-17T13:58:11.434000
417.0,,71.0,,2015-08-17T13:59:10.198000
324.0,,33.0,,2015-08-17T14:00:08.980000
327.0,,38.0,,2015-08-17T14:01:07.756000
471.0,,89.0,,2015-08-17T14:02:06.522000
431.0,,71.0,,2015-08-17T14:03:05.304000
403.0,,50.0,,2015-08-17T14:04:04.069000
592.0,,96.0,,2015-08-17T14:05:02.858000
625.0,,109.0,,2015-08-17T14:06:01.626000
533.0,,90.0,,2015-08-17T14:07:00.410000
543.0,,80.0,,2015-08-17T14:07:59.185000
477.0,,62.0,,2015-08-17T14:08:57.964000
427.0,,63.0,,2015-08-17T14:09:56.737000
333.0,,39.0,,2015-08-17T14:10:55.519000
393.0,,53.0,,2015-08-17T14:11:54.300000
1072.0,,56.0,,2015-08-17T14:12:53.070000
1459.0,,79.0,,2015-08-17T14:13:51.843000
1284.0,,69.0,,2015-08-17T14:14:50.615000
864.0,,27.0,,2015-08-17T14:15:49.391000
1969.0,,285.0,,2015-08-17T14:16:48.169000
2092.0,,302.0,,2015-08-17T14:17:46.949000
1880.0,,149.0,,2015-08-17T14:18:45.726000
1712.0,,181.0,,2015-08-17T14:19:44.508000
1431.0,,114.0,,2015-08-17T14:20:43.280000
2215.0,,207.0,,2015-08-17T14:21:42.043000
1672.0,,143.0,,2015-08-17T14:22:40.833000
1909.0,,179.0,,2015-08-17T14:23:39.598000
1542.0,,120.0,,2015-08-17T14:24:38.390000
1403.0,,103.0,,2015-08-17T14:25:37.156000
1772.0,,181.0,,2015-08-17T14:26:35.942000
1439.0,,125.0,,2015-08-17T14:27:34.714000
1422.0,,109.0,,2015-08-17T14:28:33.504000
1517.0,,105.0,,2015-08-17T14:29:32.274000
1381.0,,87.0,,2015-08-17T14:30:31.050000
2277.0,,174.0,,2015-08-17T14:31:29.830000
2220.0,,156.0,,2015-08-17T14:32:28.608000
1713.0,,106.0,,2015-08-17T14:33:27.393000
2360.0,,233.0,,2015-08-17T14:34:26.179000
2401.0,,218.0,,2015-08-17T14:35:24.955000
2273.0,,201.0,,2015-08-17T14:36:23.741000
2555.0,,217.0,,2015-08-17T14:37:22.522000
2793.0,,237.0,,2015-08-17T14:38:21.303000
2381.0,,223.0,,2015-08-17T14:39:20.070000
2010.0,,139.0,,2015-08-17T14:40:18.852000
2215.0,,215.0,,2015-08-17T14:41:17.637000
2827.0,,302.0,,2015-08-17T14:42:16.430000
1934.0,,172.0,,2015-08-17T14:43:15.205000
1494.0,,125.0,,2015-08-17T14:44:13.989000
2184.0,,270.0,,2015-08-17T14:45:12.785000
1787.0,,206.0,,2015-08-17T14:46:11.556000
2613.0,,287.0,,2015-08-17T14:47:10.346000
3066.0,,336.0,,2015-08-17T14:48:09.132000
2767.0,,312.0,,2015-08-17T14:49:07.932000
10485.0,,1230.0,,2015-08-17T14:50:06.707000
4744.0,,447.0,,2015-08-17T14:51:05.500000
5964.0,,505.0,,2015-08-17T14:52:04.269000
4995.0,,338.0,,2015-08-17T14:53:03.066000
10487.0,,1013.0,,2015-08-17T14:54:01.844000
5510.0,,333.0,,2015-08-17T14:55:00.630000
5944.0,,503.0,,2015-08-17T14:55:59.416000
11099.0,,1086.0,,2015-08-17T14:56:58.203000
4282.0,,346.0,,2015-08-17T14:57:56.991000
4656.0,,394.0,,2015-08-17T14:58:55.784000
4773.0,,437.0,,2015-08-17T14:59:54.563000
5829.0,,438.0,,2015-08-17T15:00:53.355000
7477.0,,639.0,,2015-08-17T15:01:52.127000
6819.0,,491.0,,2015-08-17T15:02:50.912000
7300.0,,561.0,,2015-08-17T15:03:49.701000
6134.0,,391.0,,2015-08-17T15:04:48.490000
4112.0,,266.0,,2015-08-17T15:05:47.271000
2499.0,,135.0,,2015-08-17T15:06:46.053000
2395.0,,143.0,,2015-08-17T15:07:44.838000
2078.0,,119.0,,2015-08-17T15:08:43.618000
5022.0,,629.0,,2015-08-17T15:09:42.415000
4876.0,,408.0,,2015-08-17T15:10:41.190000
7578.0,,623.0,,2015-08-17T15:11:39.979000
8694.0,,939.0,,2015-08-17T15:12:38.761000
8599.0,,941.0,,2015-08-17T15:13:37.552000
5331.0,,505.0,,2015-08-17T15:14:36.332000
8233.0,,1187.0,,2015-08-17T15:15:35.119000
6215.0,,535.0,,2015-08-17T15:16:33.905000
9268.0,,967.0,,2015-08-17T15:17:32.684000
6198.0,,636.0,,2015-08-17T15:18:31.468000
5857.0,,531.0,,2015-08-17T15:19:30.257000
4402.0,,366.0,,2015-08-17T15:20:29.039000
5422.0,,443.0,,2015-08-17T15:21:27.829000
3803.0,,243.0,,2015-08-17T15:22:26.606000
3678.0,,244.0,,2015-08-17T15:23:25.396000
3536.0,,221.0,,2015-08-17T15:24:24.183000
3022.0,,211.0,,2015-08-17T15:25:22.967000
2532.0,,177.0,,2015-08-17T15:26:21.743000
2763.0,,167.0,,2015-08-17T15:27:20.534000
2471.0,,168.0,,2015-08-17T15:28:19.319000
2509.0,,286.0,,2015-08-17T15:29:18.102000
2502.0,,241.0,,2015-08-17T15:30:16.878000
2364.0,,182.0,,2015-08-17T15:31:15.671000
2546.0,,200.0,,2015-08-17T15:32:14.451000
2139.0,,157.0,,2015-08-17T15:33:13.235000
2556.0,,186.0,,2015-08-17T15:34:12.021000
2113.0,,147.0,,2015-08-17T15:35:10.798000
2024.0,,197.0,,2015-08-17T15:36:09.580000
1254.0,,82.0,,2015-08-17T15:37:08.363000
1546.0,,121.0,,2015-08-17T15:38:07.154000
1254.0,,78.0,,2015-08-17T15:39:05.932000
1503.0,,163.0,,2015-08-17T16:34:44.261000
1185.0,,104.0,,2015-08-17T16:35:43.022000
8382.0,,936.0,,2015-08-17T16:36:41.795000
2879.0,,219.0,,2015-08-17T16:37:40.569000
3581.0,,273.0,,2015-08-17T16:38:39.343000
3593.0,,276.0,,2015-08-17T16:39:38.119000
5762.0,,517.0,,2015-08-17T16:40:36.900000
2812.0,,195.0,,2015-08-17T16:41:35.664000
2805.0,,188.0,,2015-08-17T16:42:34.451000
1147.0,,88.0,,2015-08-17T16:43:33.209000
1982.0,,134.0,,2015-08-17T16:44:31.996000
2170.0,,124.0,,2015-08-17T16:45:30.757000
1759.0,,153.0,,2015-08-17T16:46:29.534000
1716.0,,125.0,,2015-08-17T16:47:28.305000
1424.0,,107.0,,2015-08-17T16:48:27.082000
1366.0,,101.0,,2015-08-17T16:49:25.858000
2116.0,,140.0,,2015-08-17T16:50:24.634000
1474.0,,108.0,,2015-08-17T16:51:23.393000
2008.0,,133.0,,2015-08-17T16:52:22.174000
1855.0,,121.0,,2015-08-17T16:53:20.944000
3167.0,,201.0,,2015-08-17T16:54:19.718000
2071.0,,161.0,,2015-08-17T16:55:18.506000
2469.0,,177.0,,2015-08-17T16:56:17.279000
2115.0,,146.0,,2015-08-17T16:57:16.058000
1659.0,,131.0,,2015-08-17T16:58:14.832000
2028.0,,166.0,,2015-08-17T16:59:13.607000
1736.0,,153.0,,2015-08-17T17:00:12.380000
1283.0,,101.0,,2015-08-17T17:01:11.166000
1503.0,,147.0,,2015-08-17T17:02:09.938000
1657.0,,155.0,,2015-08-17T17:03:08.713000
1809.0,,144.0,,2015-08-17T17:04:07.493000
1806.0,,182.0,,2015-08-17T17:05:06.272000
1735.0,,148.0,,2015-08-17T17:06:05.036000
1660.0,,143.0,,2015-08-17T17:07:03.808000
1589.0,,162.0,,2015-08-17T17:08:02.584000
1723.0,,213.0,,2015-08-17T17:09:01.369000
2536.0,,352.0,,2015-08-17T17:10:00.149000
2273.0,,336.0,,2015-08-17T17:10:58.916000
1073.0,,138.0,,2015-08-17T17:11:57.689000
1067.0,,90.0,,2015-08-17T17:12:56.459000
1139.0,,102.0,,2015-08-17T17:13:55.234000
1151.0,,81.0,,2015-08-17T17:14:54.019000
892.0,,57.0,,2015-08-17T17:15:52.782000
2380.0,,274.0,,2015-08-17T17:16:51.562000
3792.0,,498.0,,2015-08-17T17:17:50.338000
2603.0,,318.0,,2015-08-17T17:18:49.117000
2338.0,,283.0,,2015-08-17T17:19:47.889000
1781.0,,225.0,,2015-08-17T17:20:46.657000
1336.0,,143.0,,2015-08-17T17:21:45.430000
1029.0,,104.0,,2015-08-17T17:22:44.215000
1367.0,,147.0,,2015-08-17T17:23:42.982000
1523.0,,136.0,,2015-08-17T17:24:41.761000
1021.0,,62.0,,2015-08-17T17:25:40.543000
826.0,,50.0,,2015-08-17T17:26:39.309000
1635.0,,101.0,,2015-08-17T17:27:38.088000
4693.0,,503.0,,2015-08-17T17:28:36.862000
8265.0,,910.0,,2015-08-17T17:29:35.640000
4117.0,,455.0,,2015-08-17T17:30:34.407000
10006.0,,1296.0,,2015-08-17T17:31:33.181000
6194.0,,779.0,,2015-08-17T17:32:31.954000
3968.0,,565.0,,2015-08-17T17:33:30.728000
3837.0,,517.0,,2015-08-17T17:34:29.504000
3335.0,,509.0,,2015-08-17T17:35:28.287000
4318.0,,512.0,,2015-08-17T17:36:27.059000
3300.0,,428.0,,2015-08-17T17:37:25.826000
2898.0,,356.0,,2015-08-17T17:38:24.607000
3977.0,,413.0,,2015-08-17T17:39:23.389000
2501.0,,359.0,,2015-08-17T17:40:22.164000
2517.0,,423.0,,2015-08-17T17:41:20.946000
3641.0,,602.0,,2015-08-17T17:42:19.717000
4286.0,,719.0,,2015-08-17T17:43:18.501000
3312.0,,541.0,,2015-08-17T17:44:17.275000
4282.0,,603.0,,2015-08-17T17:45:16.053000
4655.0,,598.0,,2015-08-17T17:46:14.818000
4569.0,,445.0,,2015-08-17T17:47:13.602000
4179.0,,427.0,,2015-08-17T17:48:12.383000
3698.0,,398.0,,2015-08-17T17:49:11.159000
3963.0,,446.0,,2015-08-17T17:50:09.933000
4098.0,,406.0,,2015-08-17T17:51:08.700000
3938.0,,445.0,,2015-08-17T17:52:07.481000
3966.0,,416.0,,2015-08-17T17:53:06.258000
6295.0,,424.0,,2015-08-17T18:18:19.263000
4914.0,,347.0,,2015-08-17T18:19:18.027000
4905.0,,648.0,,2015-08-17T18:20:58.520000
3335.0,,429.0,,2015-08-17T18:21:57.299000
1546.0,,166.0,,2015-08-17T18:22:56.075000
1552.0,,185.0,,2015-08-17T18:23:54.854000
1941.0,,294.0,,2015-08-17T18:24:53.622000
2044.0,,383.0,,2015-08-17T18:25:52.402000
1768.0,,278.0,,2015-08-17T18:26:51.168000
1248.0,,159.0,,2015-08-17T18:27:49.941000
1137.0,,103.0,,2015-08-17T18:28:48.721000
1274.0,,109.0,,2015-08-17T18:29:47.496000
631.0,,54.0,,2015-08-17T18:30:46.261000
621.0,,65.0,,2015-08-17T18:31:45.032000
914.0,,108.0,,2015-08-17T18:32:43.805000
1218.0,,145.0,,2015-08-17T18:33:42.591000
1105.0,,134.0,,2015-08-17T18:34:41.350000
927.0,,114.0,,2015-08-17T18:35:40.121000
891.0,,106.0,,2015-08-17T18:36:38.900000
797.0,,95.0,,2015-08-17T18:37:37.665000
866.0,,91.0,,2015-08-17T18:38:36.439000
825.0,,90.0,,2015-08-17T18:39:35.210000
1017.0,,119.0,,2015-08-17T18:40:33.996000
1150.0,,146.0,,2015-08-17T18:41:32.752000
893.0,,101.0,,2015-08-17T18:42:31.526000
644.0,,65.0,,2015-08-17T18:43:30.305000
557.0,,57.0,,2015-08-17T18:44:29.077000
550.0,,53.0,,2015-08-17T18:45:27.839000
411.0,,38.0,,2015-08-17T18:46:26.614000
401.0,,37.0,,2015-08-17T18:47:25.394000
380.0,,35.0,,2015-08-17T18:48:24.164000
370.0,,33.0,,2015-08-17T18:49:22.925000
390.0,,35.0,,2015-08-17T18:50:21.693000
364.0,,32.0,,2015-08-17T18:51:20.460000
369.0,,37.0,,2015-08-17T18:52:19.236000
378.0,,31.0,,2015-08-17T18:53:17.994000
362.0,,27.0,,2015-08-17T18:54:16.777000
339.0,,29.0,,2015-08-17T18:55:15.544000
334.0,,32.0,,2015-08-17T18:56:14.302000
344.0,,30.0,,2015-08-17T18:57:13.070000
328.0,,27.0,,2015-08-17T18:58:11.841000
333.0,,27.0,,2015-08-17T18:59:10.619000
320.0,,29.0,,2015-08-17T19:00:09.392000
312.0,,31.0,,2015-08-17T19:01:08.165000
325.0,,31.0,,2015-08-17T19:02:06.952000
316.0,,29.0,,2015-08-17T19:03:05.728000
309.0,,26.0,,2015-08-17T19:04:04.490000
312.0,,29.0,,2015-08-17T19:05:03.271000
301.0,,26.0,,2015-08-17T19:06:02.050000
309.0,,28.0,,2015-08-17T19:07:00.820000
304.0,,24.0,,2015-08-17T19:07:59.590000
293.0,,23.0,,2015-08-17T19:08:58.372000
534.0,,83.0,,2015-08-17T19:09:57.147000
520.0,,72.0,,2015-08-17T19:10:55.918000
463.0,,61.0,,2015-08-17T19:11:54.687000
567.0,,81.0,,2015-08-17T19:12:53.454000
483.0,,61.0,,2015-08-17T19:13:52.225000
399.0,,51.0,,2015-08-17T19:14:51.009000
421.0,,43.0,,2015-08-17T19:15:49.784000
404.0,,43.0,,2015-08-17T19:16:48.562000
389.0,,37.0,,2015-08-17T19:17:47.321000
364.0,,35.0,,2015-08-17T19:18:46.098000
332.0,,32.0,,2015-08-17T19:19:44.872000
321.0,,24.0,,2015-08-17T19:20:43.645000
322.0,,30.0,,2015-08-17T19:21:42.422000
315.0,,30.0,,2015-08-17T19:22:41.188000
331.0,,27.0,,2015-08-17T19:23:39.955000
341.0,,30.0,,2015-08-17T19:24:38.729000
,5556.26,,,
,4648.0153163,,,
,3785.39042446,,,
,3413.57614106,,,
,2260.17942342,,,
,880.057955,,,
,1300.34967389,,,
,2853.75588933,,,
,4213.85817289,,,
,4260.78731515,,,
,3245.36081927,,,
,883.720195924,,,
,2665.43495157,,,
,3008.36922249,,,
,4982.48132463,,,
,4965.94595756,,,
,5890.52612942,,,
,6083.03030927,,,
,5412.71853646,,,
,4479.0456768,,,
,3906.58086257,,,
,3520.34568064,,,
,2564.65199349,,,
,2208.71586495,,,
,970.536468028,,,
,1043.00818971,,,
,1060.67510451,,,
,413.548850054,,,
,679.040069441,,,
,977.371178035,,,
,672.812820846,,,
,911.717543792,,,
,774.21482751,,,
,591.168494686,,,
,519.165797861,,,
,371.976216815,,,
,606.315687968,,,
,1026.02777155,,,
,863.396334596,,,
,430.336392856,,,
,360.715009639,,,
,201.778538137,,,
,46.5300193232,,,
,114.555768831,,,
,20.9999640551,,,
,233.734020164,,,
,77.3373374326,,,
,50.6601141499,,,
,118.633701305,,,
,115.154860335,,,
,76.0094762072,,,
,97.695473628,,,
,87.8159710307,,,
,61.2045523525,,,
,134.738256834,,,
,137.11155475,,,
,94.8504599867,,,
,275.511310137,,,
,86.4114102841,,,
,90.3391100918,,,
,119.39671432,,,
,173.297811722,,,
,186.371072126,,,
,240.95982679,,,
,237.185029317,,,
,238.142426706,,,
,198.941599198,,,
,226.565027858,,,
,218.061611933,,,
,148.26398881,,,
,263.872427038,,,
,341.18917024,,,
,71.3855122206,,,
,129.851807084,,,
,178.891553723,,,
,425.774761282,,,
,55.0400118625,,,
,151.658447621,,,
,430.330057152,,,
,232.398994716,,,
,79.7950207893,,,
,236.650465259,,,
,238.680262184,,,
,237.277808457,,,
,426.206598591,,,
,361.48272493,,,
,65.248896839,,,
,171.55847807,,,
,320.84148509,,,
,132.543626243,,,
,106.716439642,,,
,147.908788929,,,
,57.3317036965,,,
,333.443658213,,,
,153.33804383,,,
,131.12524118,,,
,94.5347250212,,,
,155.63962737,,,
,176.398571827,,,
,96.8992809585,,,
,75.9019573111,,,
,84.4821690149,,,
,71.0476167795,,,
,164.044944917,,,
,168.240462859,,,
,132.949251643,,,
,97.0112880749,,,
,26.5755241466,,,
,16.0464761337,,,
,113.834165503,,,
,60.3219778659,,,
,49.1572924114,,,
,309.550040356,,,
,170.814817174,,,
,42.6136836514,,,
,48.2297403383,,,
,41.5010234851,,,
,141.583808584,,,
,247.374183372,,,
,252.768751259,,,
,395.652804185,,,
,116.0064709,,,
,505.328601739,,,
,89.0625312885,,,
,160.689506194,,,
,546.347919989,,,
,82.7640328005,,,
,256.543619634,,,
,344.280297364,,,
,171.358889462,,,
,184.386833702,,,
,622.170088025,,,
,493.872372478,,,
,166.217372793,,,
,343.063313539,,,
,426.482552818,,,
,215.281998687,,,
,93.1246304616,,,
,105.432235444,,,
,140.770262823,,,
,405.711084273,,,
,435.211487449,,,
,248.733489431,,,
,432.210323604,,,
,3327.78437946,,,
,2851.97739062,,,
,1270.20517289,,,
,510.727450722,,,
,290.862168317,,,
,220.773998738,,,
,632.233068412,,,
,1031.2516319,,,
,764.598001048,,,
,547.851952106,,,
,758.816589051,,,
,973.493478584,,,
,761.033662082,,,
,950.7360594,,,
,402.666734522,,,
,592.598025479,,,
,835.173002781,,,
,738.222141652,,,
,801.399201905,,,
,2496.10289758,,,
,3000.25380648,,,
,1654.9205342,,,
,841.194325678,,,
,948.784866994,,,
,2030.85068597,,,
,2712.3008793,,,
,1662.82257065,,,
,2453.02995686,,,
,832.755377498,,,
,1029.3254389,,,
,748.788241854,,,
,881.089929553,,,
,1005.08332923,,,
,6186.03739965,,,
,8498.65676987,,,
,7627.60647364,,,
,6384.90851234,,,
,10749.6072813,,,
,9760.98176919,,,
,6581.59728084,,,
,10253.2559874,,,
,11301.7990358,,,
,5430.38490447,,,
,3823.63724208,,,
,5523.14446701,,,
,5754.89229991,,,
,6743.29115846,,,
,7971.21536755,,,
,5616.91276256,,,
,4218.85958427,,,
,3328.29651626,,,
,1245.31448304,,,
,1032.94110197,,,
,4922.49221382,,,
,5023.05026316,,,
,8364.90213481,,,
,11361.8143306,,,
,14191.6149238,,,
,12672.0745168,,,
,10612.7051116,,,
,10942.2383378,,,
,8108.37915403,,,
,7723.74607893,,,
,7458.61820561,,,
,6819.83052806,,,
,5578.24691183,,,
,6049.73778105,,,
,4191.30175367,,,
,3543.01871836,,,
,4528.08735906,,,
,3548.81138795,,,
,2991.81755281,,,
,1559.17650714,,,
,999.996837628,,,
,1042.29333624,,,
,1113.82392682,,,
,1983.58266782,,,
,2115.20602054,,,
,1550.03220426,,,
,2525.32290848,,,
,2505.64864771,,,
,2241.66266771,,,
,996.005694099,,,
,618.336069498,,,
,1040.20606648,,,
,888.786957576,,,
,685.744618284,,,
,6877.24499797,,,
,1744.32245527,,,
,2897.42850595,,,
,5281.57476803,,,
,4230.17687882,,,
,1822.8704304,,,
,851.452094632,,,
,767.190329763,,,
,828.786565603,,,
,1684.24744002,,,
,2136.21897635,,,
,1595.1716007,,,
,2524.90747586,,,
,699.946293659,,,
,711.272534239,,,
,2946.93586314,,,
,1051.14224081,,,
,977.087392009,,,
,3121.68630743,,,
,3219.4885592,,,
,3229.33523563,,,
,1389.94869879,,,
,951.340226145,,,
,1051.16429467,,,
,1914.10358815,,,
,1783.54530441,,,
,847.389697028,,,
,848.427321512,,,
,1012.4313531,,,
,856.84888392,,,
,702.839532737,,,
,686.589960017,,,
,1246.53366668,,,
,2997.46934265,,,
,3465.79963156,,,
,1273.61177569,,,
,968.953446226,,,
,766.755063775,,,
,2109.04097112,,,
,1108.25351845,,,
,588.919973462,,,
,3659.84440972,,,
,4276.03409642,,,
,1904.35120031,,,
,834.575334476,,,
,751.03741243,,,
,533.24283055,,,
,495.048463273,,,
,657.719605503,,,
,569.756217512,,,
,751.446818316,,,
,288.661501071,,,
,288.305064512,,,
,2851.6621915,,,
,6833.84513651,,,
,10043.3967063,,,
,8947.87967157,,,
,5785.04360605,,,
,4473.87634041,,,
,2601.13655979,,,
,2392.27878706,,,
,3359.0772028,,,
,2267.20433321,,,
,1620.03033273,,,
,2985.66937071,,,
,2828.6003549,,,
,1203.15716753,,,
,3921.50094715,,,
,3482.53914081,,,
,6873.30001787,,,
,4427.77673576,,,
,4393.58784182,,,
,5230.11906539,,,
,4918.42426224,,,
,3825.30217539,,,
,3583.68133528,,,
,3761.7925159,,,
,4053.22307898,,,
,3066.05278824,,,
,4735.02996366,,,
,5716.87850717,,,
,6620.21884972,,,
,3350.16732955,,,
,1048.51054843,,,
,1097.30769595,,,
,2202.19507625,,,
,3497.44184794,,,
,2540.99553531,,,
,874.164655469,,,
,488.817509523,,,
,690.676200461,,,
,512.432085633,,,
,724.048442021,,,
,2655.01876502,,,
,3578.74865898,,,
,3635.24211667,,,
,1658.52023246,,,
,1100.94661827,,,
,726.837195776,,,
,466.825225282,,,
,585.546657729,,,
,898.312995012,,,
,945.988318628,,,
,713.567381671,,,
,743.120593236,,,
,959.629588864,,,
,909.198219776,,,
,484.75278048,,,
,346.495349299,,,
,692.523603383,,,
,453.744196415,,,
,321.878202956,,,
,181.03273138,,,
,326.839049529,,,
,239.673846,,,
,279.515025908,,,
,361.795259243,,,
,447.987166736,,,
,484.322780769,,,
,320.606405818,,,
,316.866684818,,,
,193.913129243,,,
,455.22409168,,,
,551.674918623,,,
,179.825350539,,,
,183.070432396,,,
,497.85136469,,,
,229.399644932,,,
,169.701668489,,,
,92.8386632993,,,
,201.359676141,,,
,687.67154863,,,
,602.707644573,,,
,492.841609462,,,
,708.006089664,,,
,676.436807008,,,
,477.604402476,,,
,467.550388609,,,
,601.26194498,,,
,349.79342996,,,
,123.828189536,,,
,178.859091109,,,
,74.0827818758,,,
,136.838065526,,,
,148.105168662,,,
,336.173881743,,,
,,,8.95,
,,,7.48772118499,
,,,6.09694799713,
,,,5.49757335264,
,,,4.11830481728,
,,,2.92313635446,
,,,3.41997262423,
,,,4.5981900226,
,,,6.79143185063,
,,,6.86615264911,
,,,5.23215265575,
,,,2.6429507958,
,,,4.45259162493,
,,,4.84545800564,
,,,8.03053290247,
,,,8.00416445127,
,,,9.49088792,
,,,9.80008485063,
,,,8.7217772653,
,,,7.21762468981,
,,,6.2936119833,
,,,5.67259316467,
,,,4.13487308672,
,,,3.93278840351,
,,,3.20150019899,
,,,3.4763747444,
,,,3.63707072719,
,,,1.67512045961,
,,,2.3621038233,
,,,3.24918969326,
,,,2.36899396183,
,,,3.06706519047,
,,,2.6497455377,
,,,2.13460207581,
,,,1.94946680227,
,,,1.54676879887,
,,,2.2019104378,
,,,3.41619856145,
,,,2.99267445233,
,,,1.71504160623,
,,,1.52616116555,
,,,1.03393637654,
,,,0.418021454691,
,,,0.744286439089,
,,,0.232391367194,
,,,1.1260928652,
,,,0.508780486214,
,,,0.445743236443,
,,,0.748673016093,
,,,0.741034018644,
,,,0.571858849513,
,,,0.663465153656,
,,,0.590958124074,
,,,0.462846177799,
,,,0.824974360586,
,,,0.821698202022,
,,,0.614182460259,
,,,1.27369309115,
,,,0.621006715639,
,,,0.639710048056,
,,,0.759177137577,
,,,0.964645042855,
,,,1.00788484723,
,,,1.17689274325,
,,,1.16617015428,
,,,1.17339191185,
,,,1.04792393702,
,,,1.13053212693,
,,,1.09174965152,
,,,0.869995393328,
,,,1.23131663277,
,,,1.41523031813,
,,,0.545078855375,
,,,0.80716563396,
,,,0.977883500528,
,,,1.70844574453,
,,,0.411098307398,
,,,0.874457257108,
,,,1.70226774709,
,,,1.12440912874,
,,,0.572994452481,
,,,1.09687692902,
,,,1.15518381925,
,,,1.15882163925,
,,,1.69836065635,
,,,1.42076704632,
,,,0.509372801291,
,,,0.916854089826,
,,,1.40654906068,
,,,0.813425005042,
,,,0.708692566355,
,,,0.876292540851,
,,,0.472314660993,
,,,1.41868503761,
,,,0.847331992921,
,,,0.802880161943,
,,,0.650760131475,
,,,0.879479669585,
,,,0.969818275007,
,,,0.640044506449,
,,,0.556322039172,
,,,0.589761103033,
,,,0.503724628188,
,,,0.929168826051,
,,,0.949108127436,
,,,0.81857254944,
,,,0.662064470864,
,,,0.288197785299,
,,,0.20366483961,
,,,0.723824379407,
,,,0.483206570277,
,,,0.437932310286,
,,,1.32427423633,
,,,0.853282147,
,,,0.39843307638,
,,,0.428517791497,
,,,0.384364785053,
,,,0.73753899314,
,,,1.19167138567,
,,,1.17931873551,
,,,1.53326692466,
,,,0.559324011249,
,,,1.88274796172,
,,,0.638486296241,
,,,0.917230419563,
,,,2.00668749772,
,,,0.454274696217,
,,,1.17594933143,
,,,1.48032571488,
,,,0.909902265246,
,,,0.981157676622,
,,,2.22040850444,
,,,1.82506478371,
,,,0.926739918509,
,,,1.45817943844,
,,,1.69505530342,
,,,1.07960895988,
,,,0.656970036029,
,,,0.706328012804,
,,,0.814999998946,
,,,1.64761355421,
,,,1.73005083761,
,,,1.2027541868,
,,,1.71285573496,
,,,5.55115827518,
,,,4.59434837013,
,,,3.0051111818,
,,,1.92634982714,
,,,1.32696426316,
,,,1.118271416,
,,,2.36987155914,
,,,3.50090554287,
,,,2.6149963823,
,,,2.02251618531,
,,,2.59734019453,
,,,3.23951454918,
,,,2.58767734372,
,,,3.15378421511,
,,,1.64643771951,
,,,2.13163750656,
,,,2.78553798558,
,,,2.51618786012,
,,,2.68589899281,
,,,4.46035135274,
,,,4.83489305859,
,,,3.44559342408,
,,,2.80700744917,
,,,3.13032401047,
,,,4.26349105953,
,,,5.11681144072,
,,,4.19392665684,
,,,4.27126686666,
,,,2.80048900164,
,,,3.44934921404,
,,,2.54681244164,
,,,2.92075729099,
,,,3.33110446925,
,,,10.2159249482,
,,,13.6918508504,
,,,12.288388286,
,,,10.2861285517,
,,,17.3212356382,
,,,15.731453203,
,,,10.604551035,
,,,16.5201897011,
,,,18.2126704049,
,,,8.75051092413,
,,,6.16127164636,
,,,8.89957356571,
,,,9.27549451688,
,,,10.8671727816,
,,,12.8403168963,
,,,9.04901987513,
,,,6.7972713654,
,,,5.36334546028,
,,,3.3394205397,
,,,3.45479963556,
,,,8.39919534309,
,,,8.09520913987,
,,,13.4793700387,
,,,18.3059100543,
,,,22.8637483431,
,,,20.4178298025,
,,,17.1007365724,
,,,17.6313780556,
,,,13.0678223324,
,,,12.4440791351,
,,,12.0150181667,
,,,10.989681062,
,,,8.99056181492,
,,,9.74707368949,
,,,6.75050910087,
,,,5.71361821356,
,,,7.29293632102,
,,,5.71958714914,
,,,4.81757588445,
,,,3.96974597506,
,,,3.33104828007,
,,,3.50928969302,
,,,3.86137009907,
,,,4.30825781797,
,,,4.14359779914,
,,,3.64320382752,
,,,4.06850461141,
,,,4.03538597538,
,,,3.92582368297,
,,,3.33750307364,
,,,2.20184792459,
,,,3.52713116779,
,,,2.9457462408,
,,,2.3016548641,
,,,11.1471774637,
,,,4.3152370565,
,,,4.98964544337,
,,,8.51232773047,
,,,6.81794029135,
,,,3.90923913897,
,,,2.83001304949,
,,,2.5979725011,
,,,2.7898358187,
,,,3.6855210029,
,,,4.05104061104,
,,,3.80799507881,
,,,4.35788937824,
,,,2.41507469152,
,,,2.066854624,
,,,4.8460261812,
,,,3.50214947331,
,,,3.22632797878,
,,,5.20575975248,
,,,5.19063850345,
,,,5.20302861408,
,,,3.20921106058,
,,,3.20255997038,
,,,3.51507041791,
,,,3.88563276435,
,,,3.67868212564,
,,,2.84134528344,
,,,2.88523613249,
,,,3.38272590353,
,,,2.85226601674,
,,,2.42193594541,
,,,2.40883645132,
,,,3.64920909511,
,,,4.83339587093,
,,,5.58104354552,
,,,3.88492276344,
,,,3.21091066476,
,,,2.60164548085,
,,,3.71975360555,
,,,2.49580445579,
,,,2.12658272874,
,,,6.43028037352,
,,,6.89106093485,
,,,3.71453881723,
,,,2.77965376299,
,,,2.56172954152,
,,,1.98420986093,
,,,1.8830145353,
,,,2.30213101291,
,,,2.07351109469,
,,,2.54903834989,
,,,1.32312956668,
,,,1.32773200169,
,,,4.70390374782,
,,,11.0093312409,
,,,16.1803305225,
,,,14.418847337,
,,,9.3246065103,
,,,7.21156806884,
,,,5.38189342914,
,,,4.95555560916,
,,,5.41119977245,
,,,4.39167804829,
,,,4.19040064453,
,,,4.8122509331,
,,,4.79570060458,
,,,3.32651125243,
,,,6.31528775427,
,,,5.61177822426,
,,,11.0739940298,
,,,7.13077334145,
,,,7.07844825796,
,,,8.42509820214,
,,,7.92139108394,
,,,6.16476098254,
,,,5.77624816616,
,,,6.06099898026,
,,,6.52878308518,
,,,5.63419280867,
,,,7.63165211467,
,,,9.2155290339,
,,,10.6711608452,
,,,6.4674472376,
,,,3.50389830542,
,,,3.77151094715,
,,,4.78413093895,
,,,5.63315573344,
,,,4.62571972646,
,,,2.96536860442,
,,,1.86573273892,
,,,2.38908664393,
,,,1.92721833795,
,,,2.43426475378,
,,,4.33363559375,
,,,5.76819954676,
,,,5.86063665015,
,,,4.32480973875,
,,,3.76557732454,
,,,2.58154617792,
,,,1.81230924817,
,,,2.11989655943,
,,,3.05289794136,
,,,3.21241123144,
,,,2.45560230675,
,,,2.54910967784,
,,,3.16325881892,
,,,3.03222092335,
,,,1.85410021733,
,,,1.4912761902,
,,,2.39070792854,
,,,1.77473932043,
,,,1.41879258901,
,,,0.974985094567,
,,,1.41186530764,
,,,1.14092307095,
,,,1.26633134956,
,,,1.52964420777,
,,,1.75073282207,
,,,1.84462609043,
,,,1.41121011517,
,,,1.38278279964,
,,,1.00288281417,
,,,1.77663764968,
,,,2.01949261561,
,,,0.990448989996,
,,,0.999827839295,
,,,1.88193651059,
,,,1.12639120719,
,,,0.952851527584,
,,,0.639819099554,
,,,1.023308742,
,,,2.40860653946,
,,,2.18438482183,
,,,1.87155996041,
,,,2.43644781409,
,,,2.35636072103,
,,,1.83772973276,
,,,1.81189219021,
,,,2.15950641727,
,,,1.47963910204,
,,,0.783372902716,
,,,0.980074108339,
,,,0.563430854273,
,,,0.827264073628,
,,,0.875457255052,
,,,1.44389908288,
